# 16 MB NOR flash, OTA-ready A/B layout (July 2026 — see docs/OTA.md).
# "storage" holds the embedded FALLBACK tiles (SPIFFS image built from
# assets_device/ at build time, ~5 MB content); the TF card overrides
# it at runtime when present, so shrinking it for ota_1 cost nothing.
# (partition table itself sits at 0x10000 — frame-pointer bootloader
#  outgrew the default 0x8000; offsets below start after the table.
#  nvs kept at its historical offset so saved Wi-Fi creds / location /
#  demo flag survive the one-time re-flash onto this table.)
# Name,    Type, SubType, Offset,   Size
nvs,       data, nvs,     0x11000,  0x6000
otadata,   data, ota,     0x17000,  0x2000
phy_init,  data, phy,     0x19000,  0x1000
ota_0,     app,  ota_0,   0x20000,  0x300000
ota_1,     app,  ota_1,   0x320000, 0x300000
storage,   data, spiffs,  0x620000, 0x9E0000
